City_ID,City,Country,Date,Lat,Lng,Max Temp,Humidity,Cloudiness,Wind Speed
0,Constitucion,CL,2022-07-06 14:48:12,-35.3333,-72.4167,51.01,74,100,12.84
1,New Norfolk,AU,2022-07-06 14:48:12,-42.7826,147.0587,49.71,80,81,2.53
2,Mnogovershinnyy,RU,2022-07-06 14:48:13,53.9353,139.9242,71.2,71,91,5.14
3,Roald,NO,2022-07-06 14:48:13,62.5833,6.1333,55.54,88,75,9.22
4,Rikitea,PF,2022-07-06 14:48:09,-23.1203,-134.9692,74.73,76,3,19.37
5,Arraial Do Cabo,BR,2022-07-06 14:48:14,-22.9661,-42.0278,82.36,65,0,9.22
6,Almaznyy,RU,2022-07-06 14:48:14,48.0448,40.045,84.47,25,0,12.12
7,Sampit,ID,2022-07-06 14:48:15,-2.5333,112.95,73.78,97,100,1.54
8,Upernavik,GL,2022-07-06 14:46:12,72.7868,-56.1549,39.42,79,31,10.18
9,Ushuaia,AR,2022-07-06 14:47:45,-54.8,-68.3,26.26,80,0,6.91
10,Poum,NC,2022-07-06 14:48:15,-20.2333,164.0167,77.7,80,100,19.95
11,Margate,GB,2022-07-06 14:44:50,51.3813,1.3862,72.88,69,100,5.01
12,Grindavik,IS,2022-07-06 14:48:16,63.8424,-22.4338,57.15,88,75,14.97
13,Lebu,CL,2022-07-06 14:48:03,-37.6167,-73.65,48.27,72,100,16.06
14,Tura,IN,2022-07-06 14:48:16,25.5198,90.2201,75.69,91,80,3.27
15,Bengkulu,ID,2022-07-06 14:48:16,-3.8004,102.2655,79.65,86,100,6.22
16,Oda,JP,2022-07-06 14:48:17,35.1833,132.5,74.84,91,70,2.46
17,Rancho Palos Verdes,US,2022-07-06 14:48:17,33.7445,-118.387,67.51,91,75,3.0
18,Musoma,TZ,2022-07-06 14:48:17,-1.5,33.8,74.55,52,0,8.77
19,Pevek,RU,2022-07-06 14:48:18,69.7008,170.3133,32.14,97,100,7.9
20,Busselton,AU,2022-07-06 14:46:23,-33.65,115.3333,49.01,80,4,11.07
21,Antofagasta,CL,2022-07-06 14:48:19,-23.65,-70.4,67.21,55,76,8.48
22,Bereda,ES,2022-07-06 14:48:19,43.2686,-7.5406,74.41,84,0,11.32
23,Ballina,AU,2022-07-06 14:48:21,-28.8667,153.5667,56.01,88,25,11.74
24,Thompson,CA,2022-07-06 14:45:15,55.7435,-97.8558,64.56,55,75,6.91
25,Moron,AR,2022-07-06 14:48:21,-34.6534,-58.6198,53.96,97,75,8.1
26,Bathsheba,BB,2022-07-06 14:46:26,13.2167,-59.5167,86.05,79,20,20.71
27,Bluff,NZ,2022-07-06 14:48:22,-46.6,168.3333,39.79,67,99,7.2
28,Ribeira Grande,PT,2022-07-06 14:48:22,38.5167,-28.7,72.0,64,75,12.66
29,Hasaki,JP,2022-07-06 14:48:23,35.7333,140.8333,73.8,91,99,17.38
30,Qaanaaq,GL,2022-07-06 14:48:23,77.484,-69.3632,38.98,95,100,0.72
31,Pitimbu,BR,2022-07-06 14:48:23,-7.4706,-34.8086,84.79,68,4,12.12
32,Hobart,AU,2022-07-06 14:44:17,-42.8794,147.3294,50.05,82,33,1.01
33,Bredasdorp,ZA,2022-07-06 14:48:24,-34.5322,20.0403,57.58,66,1,5.7
34,Qostanay,KZ,2022-07-06 14:48:24,53.1667,63.5833,70.09,40,75,6.71
35,Punta Arenas,CL,2022-07-06 14:47:59,-53.15,-70.9167,28.51,93,20,6.91
36,Vigrestad,NO,2022-07-06 14:48:25,58.5667,5.7,57.58,96,100,18.05
37,Cherskiy,RU,2022-07-06 14:48:25,68.75,161.3,39.31,82,100,8.77
38,Havoysund,NO,2022-07-06 14:48:25,70.9963,24.6622,55.63,76,79,21.65
39,Hermanus,ZA,2022-07-06 14:48:26,-34.4187,19.2345,61.81,66,4,6.22
40,Saint-Philippe,RE,2022-07-06 14:48:26,-21.3585,55.7679,69.39,74,65,12.03
41,Hilo,US,2022-07-06 14:48:26,19.7297,-155.09,71.26,87,100,6.91
42,Kahului,US,2022-07-06 14:48:26,20.8947,-156.47,75.85,76,0,17.27
43,Adelaide,AU,2022-07-06 14:45:04,-34.9333,138.6,53.33,84,100,4.61
44,Komsomolskiy,UZ,2022-07-06 14:49:27,40.4272,71.7189,86.72,25,0,4.61
45,Goundi,TD,2022-07-06 14:49:27,9.3627,17.366,88.34,51,71,4.63
46,Bokaa,BW,2022-07-06 14:49:27,-24.45,26.0167,77.49,27,20,8.05
47,Itapemirim,BR,2022-07-06 14:49:27,-21.0111,-40.8339,77.56,56,0,13.6
48,Cape Town,ZA,2022-07-06 14:46:38,-33.9258,18.4232,62.11,67,20,12.66
49,Muswellbrook,AU,2022-07-06 14:49:28,-32.2667,150.9,55.24,97,100,6.38
50,Muisne,EC,2022-07-06 14:49:28,0.6,-80.0333,75.4,83,100,9.71
51,Nikolskoye,RU,2022-07-06 14:49:28,59.7035,30.7861,72.79,48,100,5.53
52,San Luis,AR,2022-07-06 14:49:28,-33.295,-66.3356,65.88,33,0,27.31
53,Severo-Yeniseyskiy,RU,2022-07-06 14:49:29,60.3725,93.0408,54.64,86,88,1.5
54,Avera,US,2022-07-06 14:49:29,33.194,-82.5271,87.85,52,48,6.46
55,Angoram,PG,2022-07-06 14:49:29,-4.0625,144.0661,73.83,99,100,0.98
56,Dikson,RU,2022-07-06 14:49:29,73.5069,80.5464,33.49,91,54,9.8
57,Masuguru,TZ,2022-07-06 14:49:30,-11.3667,38.4167,82.51,33,24,3.22
58,Sirathu,IN,2022-07-06 14:49:30,25.65,81.3167,99.72,35,51,9.75
59,Ulladulla,AU,2022-07-06 14:49:30,-35.35,150.4667,56.3,88,100,8.68
60,Avarua,CK,2022-07-06 14:49:30,-21.2078,-159.775,69.85,64,75,4.61
61,Ugoofaaru,MV,2022-07-06 14:49:31,5.6667,73.0,82.98,81,100,15.17
62,Rabo De Peixe,PT,2022-07-06 14:49:31,37.8,-25.5833,74.28,69,40,14.97
63,Aksarka,RU,2022-07-06 14:49:31,66.5606,67.7975,60.66,81,98,7.27
64,Cockburn Town,TC,2022-07-06 14:49:31,21.4612,-71.1419,81.14,75,8,15.32
65,Aklavik,CA,2022-07-06 14:49:32,68.2191,-135.0107,62.6,94,75,3.44
66,Ponta Do Sol,PT,2022-07-06 14:49:32,32.6667,-17.1,77.72,61,0,2.28
67,Provideniya,RU,2022-07-06 14:49:32,64.3833,-173.3,47.19,91,100,2.53
68,Baykit,RU,2022-07-06 14:49:32,61.67,96.37,61.74,67,99,3.49
69,Butaritari,KI,2022-07-06 14:48:18,3.0707,172.7902,82.27,75,100,22.86
70,Faanui,PF,2022-07-06 14:49:33,-16.4833,-151.75,78.53,70,11,11.07
71,Mao,ES,2022-07-06 14:49:33,39.8885,4.2658,82.96,42,20,11.5
72,Castro,BR,2022-07-06 14:49:33,-24.7911,-50.0119,69.46,42,100,6.69
73,Puerto Ayora,EC,2022-07-06 14:47:30,-0.7393,-90.3518,73.36,87,35,7.0
74,Atuona,PF,2022-07-06 14:49:33,-9.8,-139.0333,77.68,72,21,24.07
75,Laguna,US,2022-07-06 14:49:33,38.421,-121.4238,66.34,74,0,8.05
76,Mataura,NZ,2022-07-06 14:49:34,-46.1927,168.8643,39.47,88,90,2.51
77,Tiksi,RU,2022-07-06 14:49:34,71.6872,128.8694,34.52,92,62,3.38
78,Cayenne,GF,2022-07-06 14:49:34,4.9333,-52.3333,84.24,79,100,4.61
79,Stirling,GB,2022-07-06 14:45:31,56.119,-3.9368,64.47,90,100,13.76
80,East London,ZA,2022-07-06 14:48:17,-33.0153,27.9116,65.34,72,0,6.91
81,Jamestown,US,2022-07-06 14:45:24,42.097,-79.2353,72.52,82,100,5.75
82,Victoria,HK,2022-07-06 14:49:18,22.2855,114.1577,84.38,85,100,5.99
83,Albany,US,2022-07-06 14:49:35,42.6001,-73.9662,76.37,74,96,12.03
84,Vaini,TO,2022-07-06 14:47:57,-21.2,-175.2,71.76,83,75,8.05
85,Gat,IL,2022-07-06 14:48:56,31.61,34.7642,87.4,40,0,12.19
86,Tiarei,PF,2022-07-06 14:49:35,-17.5333,-149.3333,75.22,74,31,11.59
87,Eldoret,KE,2022-07-06 14:49:35,0.5204,35.2699,60.58,83,77,7.76
88,Kununurra,AU,2022-07-06 14:49:35,-15.7667,128.7333,51.78,71,21,0.0
89,Kinablangan,PH,2022-07-06 14:49:36,7.6947,126.5503,78.82,86,63,5.03
90,Rawson,AR,2022-07-06 14:50:36,-43.3002,-65.1023,50.45,66,99,20.4
91,Tilichiki,RU,2022-07-06 14:50:36,60.4667,166.1,47.79,89,100,1.66
92,Sao Joao Da Barra,BR,2022-07-06 14:50:36,-21.6403,-41.0511,80.69,57,0,13.24
93,Srednekolymsk,RU,2022-07-06 14:50:37,67.45,153.6833,47.84,90,100,11.12
94,Atlantic City,US,2022-07-06 14:50:37,39.3643,-74.4229,90.18,64,75,14.97
95,Chengde,CN,2022-07-06 14:50:37,40.9725,117.9361,68.22,93,1,2.86
96,Murgab,TM,2022-07-06 14:50:37,37.4966,61.9714,93.07,16,0,11.5
97,Port Elizabeth,ZA,2022-07-06 14:50:38,-33.918,25.5701,68.09,73,0,8.01
98,Yuli,NG,2022-07-06 14:50:38,9.6989,10.2744,91.92,42,36,7.36
99,Sioux Lookout,CA,2022-07-06 14:50:38,50.1001,-91.917,68.07,56,40,9.22
100,Miura,JP,2022-07-06 14:50:38,35.14,139.6192,76.98,87,100,20.76
101,Broome,US,2022-07-06 14:50:39,42.2506,-75.833,74.46,73,100,10.36
102,Olinda,BR,2022-07-06 14:47:27,-8.0089,-34.8553,82.13,74,40,10.36
103,Portland,US,2022-07-06 14:49:50,45.5234,-122.6762,64.83,92,100,1.99
104,San Jose,US,2022-07-06 14:47:48,37.3394,-121.895,65.79,73,100,8.05
105,Hami,CN,2022-07-06 14:50:39,42.8,93.45,82.38,24,40,21.7
106,Saint Anthony,US,2022-07-06 14:50:18,45.0205,-93.218,73.78,81,100,5.75
107,Kongoussi,BF,2022-07-06 14:50:39,13.3258,-1.5347,97.41,30,66,5.97
108,Lagoa,PT,2022-07-06 14:50:39,39.05,-27.9833,66.2,79,100,13.47
109,Tuatapere,NZ,2022-07-06 14:50:40,-46.1333,167.6833,39.27,88,58,3.56
110,Haileybury,CA,2022-07-06 14:50:40,47.449,-79.6373,57.78,51,1,7.49
111,Gainesville,US,2022-07-06 14:46:37,29.6516,-82.3248,89.69,66,0,3.44
112,Ancud,CL,2022-07-06 14:48:46,-41.8697,-73.8203,42.22,80,54,21.39
113,Port Hedland,AU,2022-07-06 14:50:40,-20.3167,118.5667,51.85,58,6,6.91
114,Bernay,FR,2022-07-06 14:50:40,49.1667,0.6667,76.96,58,78,11.99
115,Tianpeng,CN,2022-07-06 14:50:41,30.9866,103.9393,91.87,68,4,3.94
116,Neuquen,AR,2022-07-06 14:48:16,-38.9516,-68.0591,49.89,53,0,12.66
117,Carnarvon,AU,2022-07-06 14:50:41,-24.8667,113.6333,67.3,32,0,9.95
118,Knysna,ZA,2022-07-06 14:50:41,-34.0363,23.0471,63.19,68,0,3.94
119,Abay,KZ,2022-07-06 14:50:41,49.6311,72.8539,61.18,70,96,6.22
120,Dannenberg,DE,2022-07-06 14:50:42,53.0967,11.09,65.14,42,95,13.67
121,Linxia,CN,2022-07-06 14:50:42,35.6003,103.2064,68.9,47,0,3.96
122,Balikpapan,ID,2022-07-06 14:50:42,-1.2675,116.8289,79.79,89,20,4.61
123,Auki,SB,2022-07-06 14:50:42,-8.7676,160.7034,78.1,83,100,3.27
124,Panama City,PA,2022-07-06 14:50:43,8.9936,-79.5197,82.44,86,75,5.75
125,Zhigansk,RU,2022-07-06 14:50:43,66.7697,123.3711,55.76,64,75,9.51
126,Rio Grande,BR,2022-07-06 14:50:43,-32.035,-52.0986,57.31,92,100,13.29
127,Yellowknife,CA,2022-07-06 14:50:43,62.456,-114.3525,66.72,48,0,5.75
128,Agirish,RU,2022-07-06 14:50:44,61.9247,63.0231,67.86,66,69,3.44
129,Astoria,US,2022-07-06 14:50:44,46.1879,-123.8313,61.72,94,100,5.75
130,Norman Wells,CA,2022-07-06 14:50:44,65.282,-126.8329,64.44,59,40,4.61
131,Nehe,CN,2022-07-06 14:50:44,48.4833,124.8333,65.88,98,100,3.31
132,Lompoc,US,2022-07-06 14:50:45,34.6391,-120.4579,62.78,91,100,9.22
133,Ostrovnoy,RU,2022-07-06 14:48:12,68.0531,39.5131,66.92,58,68,15.3
134,Georgetown,MY,2022-07-06 14:50:19,5.4112,100.3354,84.15,79,20,5.99
135,Kalmunai,LK,2022-07-06 14:50:45,7.4167,81.8167,84.52,66,100,4.61
136,Namatanai,PG,2022-07-06 14:50:45,-3.6667,152.4333,79.3,78,99,7.05
137,Valdivia,CL,2022-07-06 14:50:45,-39.8142,-73.2459,46.49,91,100,11.79
138,Gigmoto,PH,2022-07-06 14:51:46,13.7796,124.39,80.42,85,94,3.85
139,Cururupu,BR,2022-07-06 14:50:26,-1.8283,-44.8683,86.11,57,41,5.28
140,Mar Del Plata,AR,2022-07-06 14:49:02,-38.0023,-57.5575,41.02,100,100,9.22
141,Faya,SA,2022-07-06 14:48:01,18.3851,42.4509,82.51,25,82,10.58
142,Kushima,JP,2022-07-06 14:51:46,31.4583,131.2333,77.63,91,100,5.53
143,Havre-Saint-Pierre,CA,2022-07-06 14:51:46,50.2334,-63.5986,64.76,52,100,8.05
144,Coahuayana,MX,2022-07-06 14:51:46,18.7333,-103.6833,83.61,71,59,0.51
145,Hithadhoo,MV,2022-07-06 14:51:47,-0.6,73.0833,82.85,76,100,11.27
146,Bethel,US,2022-07-06 14:48:55,41.3712,-73.414,84.56,65,40,10.36
147,Waipawa,NZ,2022-07-06 14:51:47,-41.4122,175.5153,37.98,86,59,4.0
148,Port Alfred,ZA,2022-07-06 14:51:47,-33.5906,26.891,63.18,84,38,3.0
149,Mahibadhoo,MV,2022-07-06 14:51:47,3.7833,72.9667,82.74,77,99,10.02
150,Souillac,MU,2022-07-06 14:51:48,-20.5167,57.5167,70.18,60,75,11.5
151,Kapaa,US,2022-07-06 14:51:48,22.0752,-159.319,77.32,88,0,16.11
152,Khandbari,NP,2022-07-06 14:51:48,27.3747,87.2039,75.13,92,99,1.54
153,Chokurdakh,RU,2022-07-06 14:51:48,70.6333,147.9167,46.22,58,99,9.98
154,Narsaq,GL,2022-07-06 14:51:49,60.9167,-46.05,48.96,78,100,5.06
155,Chuy,UY,2022-07-06 14:51:12,-33.6971,-53.4616,57.96,91,100,10.87
156,Qinzhou,CN,2022-07-06 14:51:49,21.95,108.6167,79.79,91,100,4.38
157,Hay River,CA,2022-07-06 14:51:49,60.8156,-115.7999,60.78,72,75,0.0
158,San Cristobal,VE,2022-07-06 14:51:49,7.7669,-72.225,73.58,58,45,7.72
159,Rio Gallegos,AR,2022-07-06 14:51:50,-51.6226,-69.2181,24.85,100,100,3.44
160,Alugan,PH,2022-07-06 14:51:50,12.2188,125.4808,79.68,81,42,2.24
161,Kavieng,PG,2022-07-06 14:51:50,-2.5744,150.7967,81.12,80,79,11.61
162,Atasu,KZ,2022-07-06 14:51:50,48.6814,71.6433,65.73,54,89,3.74
163,Nevinnomyssk,RU,2022-07-06 14:51:51,44.6267,41.9453,78.17,44,0,12.75
164,Ponferrada,ES,2022-07-06 14:51:51,42.5466,-6.5962,87.82,34,0,5.01
165,Barra Do Garcas,BR,2022-07-06 14:48:19,-15.89,-52.2567,81.18,36,0,6.91
166,Tasiilaq,GL,2022-07-06 14:50:41,65.6145,-37.6368,38.5,84,100,6.55
167,Barrow,US,2022-07-06 14:51:51,71.2906,-156.7887,42.82,87,100,0.0
168,Klichka,RU,2022-07-06 14:51:51,50.4457,117.996,57.15,86,76,4.14
169,Noyabrsk,RU,2022-07-06 14:47:58,63.1994,75.4507,66.43,59,35,6.91
170,Bocas Del Toro,PA,2022-07-06 14:51:52,9.3333,-82.25,80.51,75,100,3.18
171,Hamilton,US,2022-07-06 14:51:52,39.1834,-84.5333,86.88,79,0,10.36
172,Atambua,ID,2022-07-06 14:51:52,-9.1061,124.8925,65.59,81,20,5.73
173,Batemans Bay,AU,2022-07-06 14:51:52,-35.7167,150.1833,56.1,82,100,6.82
174,Namibe,AO,2022-07-06 14:51:53,-15.1961,12.1522,70.23,70,7,9.98
175,College,US,2022-07-06 14:48:12,64.8569,-147.8028,63.81,86,75,5.75
176,Alofi,NU,2022-07-06 14:51:53,-19.0595,-169.9187,69.69,88,96,3.44
177,Saint-Pierre,RE,2022-07-06 14:48:02,-21.3393,55.4781,69.91,67,20,14.97
178,Ishigaki,JP,2022-07-06 14:51:53,24.3448,124.1572,82.53,89,7,6.91
179,Surazh,RU,2022-07-06 14:51:53,53.0175,32.3918,81.34,56,100,9.01
180,Kirksville,US,2022-07-06 14:51:54,40.1948,-92.5833,79.57,94,75,5.75
181,Penzance,GB,2022-07-06 14:52:54,50.1186,-5.5371,65.52,77,20,20.71
182,Seguela,CI,2022-07-06 14:52:54,7.9611,-6.6731,88.41,51,77,2.89
183,Kulhudhuffushi,MV,2022-07-06 14:52:54,6.6221,73.07,82.0,82,100,16.42
184,Vila Franca Do Campo,PT,2022-07-06 14:52:55,37.7167,-25.4333,75.2,68,100,7.47
185,Gelgaudiskis,LT,2022-07-06 14:52:55,55.0792,22.9758,67.03,67,82,12.19
186,Ribas Do Rio Pardo,BR,2022-07-06 14:52:55,-20.4431,-53.7592,82.74,27,100,13.38
187,Mizdah,LY,2022-07-06 14:52:55,31.4451,12.9801,101.12,11,0,20.47
188,Akyab,MM,2022-07-06 14:52:56,20.15,92.9,83.05,82,100,11.61
189,Eureka,US,2022-07-06 14:52:56,40.8021,-124.1637,62.67,80,98,0.92
190,Port Lincoln,AU,2022-07-06 14:52:56,-34.7333,135.8667,55.13,66,84,10.94
191,Sao Filipe,CV,2022-07-06 14:52:56,14.8961,-24.4956,76.84,83,50,10.87
192,Salalah,OM,2022-07-06 14:51:36,17.0151,54.0924,78.8,95,100,4.68
193,Lucero,PH,2022-07-06 14:52:57,16.4051,119.9124,83.19,70,91,5.19
194,Kindu,CD,2022-07-06 14:52:57,-2.95,25.95,93.22,23,5,0.74
195,Kizilskoye,RU,2022-07-06 14:52:57,52.7255,58.8937,61.38,67,97,5.7
196,Camacha,PT,2022-07-06 14:52:57,33.0833,-16.3333,67.42,64,75,13.8
197,Santarem,BR,2022-07-06 14:52:58,-2.4431,-54.7083,86.13,79,20,8.05
198,Szecseny,HU,2022-07-06 14:52:58,48.0806,19.5202,79.43,33,92,10.54
199,Port Augusta,AU,2022-07-06 14:52:58,-32.5,137.7667,45.54,87,0,5.73
200,Marfino,RU,2022-07-06 14:52:58,55.7028,37.3822,84.34,51,0,6.71
201,Piacabucu,BR,2022-07-06 14:52:59,-10.4056,-36.4344,76.55,86,70,17.11
202,Tutoia,BR,2022-07-06 14:52:59,-2.7619,-42.2744,86.27,56,4,4.79
203,Ojinaga,MX,2022-07-06 14:52:59,29.5667,-104.4167,80.42,69,0,3.44
204,Saskylakh,RU,2022-07-06 14:52:59,71.9167,114.0833,54.3,63,100,2.57
205,Pasighat,IN,2022-07-06 14:53:00,28.0667,95.3333,80.13,96,16,3.33
206,Sakakah,SA,2022-07-06 14:53:00,29.9697,40.2064,98.17,11,0,16.35
207,Talavera De La Reina,ES,2022-07-06 14:50:25,39.9635,-4.8308,95.4,17,1,8.97
208,Airai,TL,2022-07-06 14:53:00,-8.9266,125.4092,52.48,90,44,1.77
209,Kysyl-Syr,RU,2022-07-06 14:53:00,63.8986,122.7617,56.3,76,97,4.09
210,Kiama,AU,2022-07-06 14:53:01,-34.6833,150.8667,59.38,94,100,1.99
211,Effium,NG,2022-07-06 14:53:01,6.6292,8.0593,84.45,67,100,2.33
212,Imbituba,BR,2022-07-06 14:51:12,-28.24,-48.6703,69.1,87,100,5.01
213,Santiago,CL,2022-07-06 14:48:27,-33.4569,-70.6483,52.29,79,100,3.44
214,Remagen,DE,2022-07-06 14:53:01,50.5788,7.227,74.79,46,100,8.23
215,Kilindoni,TZ,2022-07-06 14:53:02,-7.9139,39.6668,76.73,77,61,17.22
216,Panjab,AF,2022-07-06 14:53:02,34.388,67.0233,73.36,28,70,10.18
217,Necochea,AR,2022-07-06 14:50:20,-38.5473,-58.7368,51.98,71,92,14.88
218,Husavik,IS,2022-07-06 14:53:03,66.0449,-17.3389,52.54,64,4,7.0
219,Torbay,CA,2022-07-06 14:49:35,47.6666,-52.7314,75.97,45,75,16.11
220,Kalemie,CD,2022-07-06 14:53:03,-5.9475,29.1947,76.78,48,29,6.85
221,Rocha,UY,2022-07-06 14:52:26,-34.4833,-54.3333,60.55,73,100,14.25
222,Yambio,SS,2022-07-06 14:53:03,4.5721,28.3955,82.74,59,50,3.62
223,Sisimiut,GL,2022-07-06 14:53:04,66.9395,-53.6735,43.3,91,76,6.91
224,Cabo San Lucas,MX,2022-07-06 14:49:35,22.8909,-109.9124,83.61,62,16,7.9
225,Kaitangata,NZ,2022-07-06 14:53:04,-46.2817,169.8464,43.3,82,86,6.35
226,Esperance,AU,2022-07-06 14:54:05,-33.8667,121.9,55.24,88,100,13.47
227,Klaksvik,FO,2022-07-06 14:54:05,62.2266,-6.589,50.92,92,50,20.47
228,Coihaique,CL,2022-07-06 14:54:05,-45.5752,-72.0662,32.61,100,100,3.44
229,Longyearbyen,SJ,2022-07-06 14:54:06,78.2186,15.6401,44.44,61,75,14.97
230,Challans,FR,2022-07-06 14:54:07,46.8436,-1.8749,81.52,42,16,12.19
231,Takayama,JP,2022-07-06 14:54:08,36.1333,137.25,67.14,96,52,2.37
232,Sechura,PE,2022-07-06 14:54:08,-5.5569,-80.8222,68.29,68,29,12.21
233,Qasigiannguit,GL,2022-07-06 14:54:08,68.8193,-51.1922,40.03,85,100,3.18
234,Samarai,PG,2022-07-06 14:54:08,-10.6167,150.6667,81.23,82,17,9.82
235,Minot,US,2022-07-06 14:54:09,48.2325,-101.2963,71.8,69,7,7.02
236,Marakkanam,IN,2022-07-06 14:54:09,12.2,79.95,79.77,77,100,11.32
237,Maragogi,BR,2022-07-06 14:53:20,-9.0122,-35.2225,78.82,80,19,11.5
238,Aykhal,RU,2022-07-06 14:54:10,66.0,111.5,56.05,77,84,6.49
239,Gafanha Da Encarnacao,PT,2022-07-06 14:54:10,40.6181,-8.733,88.05,62,18,14.61
240,Wilmington,US,2022-07-06 14:53:42,34.2257,-77.9447,86.86,74,100,1.99
241,Agadez,NE,2022-07-06 14:54:10,19.75,10.25,101.34,9,0,8.1
242,Springfield,US,2022-07-06 14:53:20,37.2153,-93.2982,89.37,62,5,8.01
243,Blantyre,MW,2022-07-06 14:54:11,-15.785,35.0085,66.63,57,63,5.28
244,Bubaque,GW,2022-07-06 14:54:11,11.2833,-15.8333,80.91,79,99,10.92
245,Vao,NC,2022-07-06 14:54:11,-22.6667,167.4833,75.49,76,100,12.26
246,Axim,GH,2022-07-06 14:54:12,4.8699,-2.2405,79.59,79,98,10.29
247,Gorin,RU,2022-07-06 14:54:12,51.1983,136.6669,72.18,88,77,4.45
248,Hearst,CA,2022-07-06 14:54:12,49.6835,-83.6665,59.25,45,9,3.36
249,Illela,NG,2022-07-06 14:54:13,13.7292,5.2975,98.91,27,6,1.81
250,Iqaluit,CA,2022-07-06 14:54:13,63.7506,-68.5145,41.7,100,100,8.05
251,Arlit,NE,2022-07-06 14:54:14,18.7369,7.3853,105.62,12,1,7.14
252,Muros,ES,2022-07-06 14:54:14,42.7762,-9.0603,82.83,47,0,15.77
253,Horni Plana,CZ,2022-07-06 14:50:34,48.7674,14.0326,72.48,49,87,6.29
254,Tondano,ID,2022-07-06 14:54:14,1.3038,124.9112,68.09,95,89,2.06
255,Sitka,US,2022-07-06 14:52:10,57.0531,-135.33,55.29,88,100,8.05
256,Egvekinot,RU,2022-07-06 14:54:15,66.3167,-179.1667,37.72,96,99,2.55
257,Mapiripan,CO,2022-07-06 14:54:15,2.8892,-72.1256,81.16,70,5,6.42
258,Luderitz,NA,2022-07-06 14:54:16,-26.6481,15.1594,61.57,57,0,14.25
259,Anadyr,RU,2022-07-06 14:54:16,64.75,177.4833,46.9,87,75,11.18
260,Xiamen,CN,2022-07-06 14:54:16,24.4798,118.0819,81.25,89,75,6.71
261,Dunedin,NZ,2022-07-06 14:54:17,-45.8742,170.5036,44.8,75,54,7.0
262,Codrington,AU,2022-07-06 14:53:19,-38.2667,141.9667,47.3,84,60,8.75
263,Haines Junction,CA,2022-07-06 14:54:17,60.7522,-137.5108,57.15,62,85,2.3
264,Koumac,NC,2022-07-06 14:54:17,-20.5667,164.2833,76.08,78,100,6.15
265,Mormugao,IN,2022-07-06 14:54:18,15.4,73.8,80.33,83,100,17.87
266,Goure,NE,2022-07-06 14:54:18,13.9835,10.2704,98.02,24,76,3.09
267,Aswan,EG,2022-07-06 14:54:19,24.0934,32.907,108.7,11,0,6.91
268,Peyima,SL,2022-07-06 14:54:19,8.7,-11.0333,84.56,59,91,2.24
269,Upata,VE,2022-07-06 14:54:19,8.0086,-62.3989,80.19,80,100,4.45
270,Talnakh,RU,2022-07-06 14:50:11,69.4865,88.3972,56.21,87,100,2.3
271,Barcelos,PT,2022-07-06 14:54:20,41.5388,-8.6151,88.92,44,3,10.94
272,Severo-Kurilsk,RU,2022-07-06 14:55:20,50.6789,156.125,51.85,79,100,10.74
273,Jiamusi,CN,2022-07-06 14:55:20,46.8333,130.35,73.45,89,79,2.62
274,Nouadhibou,MR,2022-07-06 14:55:21,20.931,-17.0347,80.58,57,0,19.57
275,Santa Rosa,PH,2022-07-06 14:54:55,14.3122,121.1114,84.18,87,100,3.27
276,Severka,RU,2022-07-06 14:55:21,56.8688,60.3015,56.64,78,35,3.22
277,Langarud,IR,2022-07-06 14:55:22,37.197,50.1535,80.65,57,10,8.84
278,Beringovskiy,RU,2022-07-06 14:55:22,63.05,179.3167,45.52,91,99,2.84
279,Palmer,US,2022-07-06 14:55:22,42.1584,-72.3287,81.14,63,75,12.66
280,Ponta Delgada,PT,2022-07-06 14:55:23,37.7333,-25.6667,75.51,73,40,14.97
281,Esmeraldas,BR,2022-07-06 14:55:23,-19.7625,-44.3139,77.11,35,0,5.55
282,Lugovoy,KZ,2022-07-06 14:55:23,42.9472,72.7644,74.86,36,7,2.19
283,Eyl,SO,2022-07-06 14:55:24,7.9803,49.8164,85.87,52,24,30.2
284,Yar-Sale,RU,2022-07-06 14:55:24,66.8333,70.8333,63.81,65,99,6.89
285,Saldanha,ZA,2022-07-06 14:55:24,-33.0117,17.9442,60.85,66,0,6.85
286,Huarmey,PE,2022-07-06 14:55:25,-10.0681,-78.1522,65.89,76,30,7.14
287,Alihe,CN,2022-07-06 14:55:25,50.5667,123.7167,61.07,99,100,3.8
288,Doba,TD,2022-07-06 14:55:25,8.65,16.85,87.39,57,68,2.06
289,Olafsvik,IS,2022-07-06 14:55:26,64.8945,-23.7142,53.78,71,94,3.27
290,Prince Rupert,CA,2022-07-06 14:55:26,54.3161,-130.3201,56.89,98,100,10.36
291,Esna,EG,2022-07-06 14:55:26,25.2934,32.554,105.82,10,4,12.06
292,Mayo,US,2022-07-06 14:55:26,38.8876,-76.5119,89.94,67,73,5.99
293,Camabatela,AO,2022-07-06 14:55:27,-8.1881,15.375,85.17,15,7,3.42
294,Vestmanna,FO,2022-07-06 14:55:27,62.1564,-7.1664,49.12,81,75,28.77
295,Staryy Nadym,RU,2022-07-06 14:55:27,65.6118,72.6842,66.43,61,90,7.67
296,Kidal,ML,2022-07-06 14:55:28,18.4411,1.4078,104.22,15,28,3.6
297,Svecha,RU,2022-07-06 14:55:28,58.2785,47.5164,76.26,61,32,5.19
298,Nichinan,JP,2022-07-06 14:55:28,31.6,131.3667,77.63,91,100,4.68
299,Sivas,TR,2022-07-06 14:55:28,39.7916,37.0019,75.65,45,0,13.02
300,Pilar,BR,2022-07-06 14:54:34,-9.5972,-35.9567,78.73,88,47,12.24
301,Salinopolis,BR,2022-07-06 14:55:29,-0.6136,-47.3561,83.77,65,6,6.6
302,Fairbanks,US,2022-07-06 14:52:05,64.8378,-147.7164,63.82,87,75,5.75
303,Mikumi,TZ,2022-07-06 14:55:29,-7.4041,36.9831,77.34,42,62,4.79
304,Lavrentiya,RU,2022-07-06 14:55:29,65.5833,-171.0,44.92,93,99,2.95
305,Santa Clarita,US,2022-07-06 14:50:40,34.3917,-118.5426,73.45,83,8,1.01
306,Bayir,TR,2022-07-06 14:55:30,37.2687,28.2167,86.52,18,0,13.98
307,Saint-Jean-De-Maurienne,FR,2022-07-06 14:55:30,45.1667,6.5833,64.04,47,10,8.9
308,Changji,CN,2022-07-06 14:55:30,44.0167,87.3167,74.19,49,0,2.24
309,Genhe,CN,2022-07-06 14:55:30,50.7833,121.5167,55.15,99,84,3.8
310,Katangli,RU,2022-07-06 14:55:31,51.7102,143.2326,59.61,91,0,8.9
311,Teutonia,BR,2022-07-06 14:55:31,-29.4481,-51.8064,75.33,86,100,1.01
312,Mae Hong Son,TH,2022-07-06 14:55:31,19.3003,97.9685,75.97,100,100,0.94
313,Flinders,AU,2022-07-06 14:55:31,-34.5833,150.8552,59.18,91,100,3.0
314,Alamos,MX,2022-07-06 14:55:32,27.0167,-108.9333,83.52,61,37,0.83
315,Buin,CL,2022-07-06 14:55:32,-33.7333,-70.75,49.12,86,100,3.85
316,Kieta,PG,2022-07-06 14:55:32,-6.2167,155.6333,78.53,83,86,7.07
317,Ixtapa,MX,2022-07-06 14:53:10,20.7,-105.2,81.23,81,96,1.01
318,Inhambane,MZ,2022-07-06 14:55:32,-23.865,35.3833,76.98,53,40,6.91
319,Alice Springs,AU,2022-07-06 14:55:32,-23.7,133.8833,36.95,52,0,4.61
320,Bobon,PH,2022-07-06 14:56:33,12.5246,124.5636,77.32,91,83,4.07
321,Korla,CN,2022-07-06 14:56:33,41.7597,86.1469,85.05,16,18,11.65
322,Cidreira,BR,2022-07-06 14:56:33,-30.1811,-50.2056,66.34,86,100,11.79
323,Belmonte,BR,2022-07-06 14:56:33,-15.8631,-38.8828,78.73,58,4,8.63
324,Mount Gambier,AU,2022-07-06 14:56:34,-37.8333,140.7667,47.46,82,32,5.32
325,Kismayo,SO,2022-07-06 14:56:34,-0.3582,42.5454,77.04,78,6,20.07
326,Plast,RU,2022-07-06 14:56:34,54.3691,60.8136,56.61,74,100,3.62
327,Kodiak,US,2022-07-06 14:56:34,57.79,-152.4072,53.11,87,100,0.0
328,Mehamn,NO,2022-07-06 14:56:35,71.0357,27.8492,55.35,76,75,2.3
329,Gornopravdinsk,RU,2022-07-06 14:56:35,60.05,69.9,64.74,68,15,3.71
330,Wad Rawah,SD,2022-07-06 14:56:35,15.1603,33.1397,98.17,26,99,9.73
331,Gryazovets,RU,2022-07-06 14:56:35,58.88,40.2525,77.61,51,55,2.84
332,Vardo,NO,2022-07-06 14:52:36,70.3705,31.1107,51.78,87,100,19.57
333,Soyo,AO,2022-07-06 14:56:36,-6.1349,12.3689,74.39,71,70,9.73
334,Hovd,MN,2022-07-06 14:56:36,48.0056,91.6419,65.14,29,1,11.03
335,Alvand,IR,2022-07-06 14:56:36,36.3187,49.1678,61.18,52,0,10.98
336,Kaseda,JP,2022-07-06 14:56:37,31.4167,130.3167,79.03,90,100,2.86
337,Gamba,GA,2022-07-06 14:56:37,-2.65,10.0,75.16,71,81,11.63
338,Ukwa,IN,2022-07-06 14:56:37,21.9667,80.4667,75.54,91,100,1.68
339,Kedrovyy,RU,2022-07-06 14:56:37,56.1667,91.8167,57.87,98,100,3.44
340,Karratha,AU,2022-07-06 14:56:37,-20.7377,116.8463,63.52,38,5,5.48
341,Rundu,NA,2022-07-06 14:56:38,-17.9333,19.7667,80.19,17,2,6.91
342,Usinsk,RU,2022-07-06 14:53:01,65.9939,57.5281,77.67,49,9,8.66
343,Kudahuvadhoo,MV,2022-07-06 14:56:38,2.6708,72.8944,82.6,75,75,1.63
344,Yerbogachen,RU,2022-07-06 14:56:38,61.2767,108.0108,55.49,72,14,4.72
345,Shipunovo,RU,2022-07-06 14:56:38,52.1582,82.2173,59.72,92,100,8.95
346,Zyryanovsk,KZ,2022-07-06 14:56:39,49.7386,84.2719,59.02,79,6,3.56
347,Chaiyaphum,TH,2022-07-06 14:56:39,15.75,102.0,81.88,75,100,7.61
348,Karasjok,NO,2022-07-06 14:56:39,69.4719,25.5112,59.43,63,74,7.81
349,Starosubkhangulovo,RU,2022-07-06 14:56:39,53.1031,57.4423,57.04,97,100,2.91
350,Cabra,ES,2022-07-06 14:56:40,37.4725,-4.4421,95.67,18,0,1.99
351,Lewistown,US,2022-07-06 14:56:40,40.5992,-77.5714,83.16,94,75,6.91
352,Khatanga,RU,2022-07-06 14:52:06,71.9667,102.5,57.61,49,99,3.04
353,Bardiyah,LY,2022-07-06 14:56:40,31.7561,25.0865,83.21,48,0,16.04
354,Pisco,PE,2022-07-06 14:56:40,-13.7,-76.2167,61.02,77,96,3.44
355,Camana,PE,2022-07-06 14:56:41,-16.6228,-72.7111,64.33,73,71,7.78
356,Okhotsk,RU,2022-07-06 14:56:41,59.3833,143.3,57.02,87,1,5.44
357,Medvezhyegorsk,RU,2022-07-06 14:56:41,62.9167,34.4667,70.54,44,89,6.62
358,Isangel,VU,2022-07-06 14:56:41,-19.55,169.2667,74.55,89,94,7.36
359,Guerrero Negro,MX,2022-07-06 14:56:42,27.9769,-114.0611,68.05,75,99,13.47
360,Nanortalik,GL,2022-07-06 14:56:42,60.1432,-45.2371,44.92,86,96,6.6
361,Cap-Aux-Meules,CA,2022-07-06 14:56:42,47.3821,-61.8597,59.05,94,100,10.36
362,Marsabit,KE,2022-07-06 14:56:42,2.3284,37.9899,75.76,41,48,13.73
363,Platteville,US,2022-07-06 14:56:43,42.7342,-90.4785,77.16,100,0,6.91
364,Nizhniy Kuranakh,RU,2022-07-06 14:56:43,58.8353,125.4869,64.76,99,100,3.44
365,Pemangkat,ID,2022-07-06 14:57:43,1.1667,108.9667,81.37,72,34,2.39
366,Paamiut,GL,2022-07-06 14:57:43,61.994,-49.6678,42.8,96,100,5.03
367,Te Anau,NZ,2022-07-06 14:57:44,-45.4167,167.7167,32.61,96,38,1.21
368,Tete,MZ,2022-07-06 14:57:44,-16.1564,33.5867,82.49,42,40,4.61
369,Merke,KZ,2022-07-06 14:57:44,42.8728,73.1786,75.13,37,6,2.8
370,Fivizzano,IT,2022-07-06 14:57:44,44.2383,10.126,86.29,48,57,1.74
371,Kingaroy,AU,2022-07-06 14:57:45,-26.5333,151.8333,44.58,87,0,6.58
372,Grootfontein,NA,2022-07-06 14:57:45,-19.5667,18.1167,78.37,19,0,4.61
373,Barra Patuca,HN,2022-07-06 14:57:45,15.8,-84.2833,83.44,72,98,10.58
374,Deder,ET,2022-07-06 14:57:45,9.3167,41.45,70.95,44,61,3.2
375,Zaltan,LY,2022-07-06 14:57:46,32.947,11.8665,93.7,31,0,11.48
376,Imeni Zhelyabova,RU,2022-07-06 14:57:46,58.9544,36.5956,77.29,39,97,5.53
377,Dutlwe,BW,2022-07-06 14:57:46,-23.9833,23.9,72.61,24,0,5.44
378,Nueva Guinea,NI,2022-07-06 14:57:46,11.6876,-84.4562,77.86,89,57,12.77
379,Tuktoyaktuk,CA,2022-07-06 14:57:46,69.4541,-133.0374,55.4,88,20,4.61
380,Kinkala,CG,2022-07-06 14:57:47,-4.3614,14.7644,91.94,24,41,1.61
381,Sapa,PH,2022-07-06 14:57:47,5.1544,120.3241,81.16,81,25,4.97
382,Coos Bay,US,2022-07-06 14:57:47,43.3665,-124.2179,61.0,98,100,1.88
383,Juegang,CN,2022-07-06 14:57:48,32.3174,121.1855,83.8,77,86,6.04
384,Kaniama,CD,2022-07-06 14:57:48,-7.5667,24.1833,86.43,19,4,3.42
385,Nurota,UZ,2022-07-06 14:57:48,40.5614,65.6886,82.87,18,0,8.52
386,Mahebourg,MU,2022-07-06 14:55:11,-20.4081,57.7,70.09,60,75,11.5
387,Oberstdorf,DE,2022-07-06 14:57:48,47.4,10.2833,76.53,47,21,7.0
388,Wanning,CN,2022-07-06 14:57:49,18.8003,110.3967,81.82,90,100,4.79
389,Jiazi,CN,2022-07-06 14:57:49,22.8779,116.067,79.21,90,100,5.3
390,Kutulik,RU,2022-07-06 14:57:49,53.3508,102.7839,58.37,88,98,15.9
391,Morondava,MG,2022-07-06 14:57:49,-20.2833,44.2833,74.77,67,0,14.52
392,Pringsewu,ID,2022-07-06 14:57:50,-5.3582,104.9744,73.94,96,22,0.94
393,Bratsk,RU,2022-07-06 14:57:50,56.1325,101.6142,64.89,67,58,2.57
394,Puerto Escondido,MX,2022-07-06 14:57:50,15.85,-97.0667,84.11,65,100,1.77
395,Bambanglipuro,ID,2022-07-06 14:57:50,-7.95,110.2833,77.27,86,100,7.61
396,Cooma,AU,2022-07-06 14:57:50,-36.2333,149.1333,31.77,100,100,0.0
397,Pedreiras,BR,2022-07-06 14:57:51,-4.5688,-44.6003,87.84,48,18,6.76
398,Ndele,CF,2022-07-06 14:57:51,8.4109,20.6473,82.29,68,80,3.65
399,Bambous Virieux,MU,2022-07-06 14:57:51,-20.3428,57.7575,70.05,60,75,11.5
400,Lasa,IT,2022-07-06 14:57:51,46.6166,10.7002,80.69,39,40,0.27
401,Nishihara,JP,2022-07-06 14:57:52,26.1842,127.7558,81.68,89,20,8.05
402,Port Hardy,CA,2022-07-06 14:57:52,50.6996,-127.4199,53.78,100,75,2.3
403,Selma,US,2022-07-06 14:57:52,36.5708,-119.6121,71.19,67,0,4.61
404,Valparaiso,CL,2022-07-06 14:56:05,-33.0393,-71.6273,52.03,77,100,5.75
405,Luena,AO,2022-07-06 14:57:52,-11.7833,19.9167,79.39,21,16,6.44
406,Giyani,ZA,2022-07-06 14:57:53,-23.3025,30.7187,73.83,37,0,5.08
407,Luanda,AO,2022-07-06 14:55:59,-8.8368,13.2343,73.4,78,40,8.05
408,Rawah,IQ,2022-07-06 14:57:53,34.4816,41.9093,103.89,10,0,13.42
409,Sarangani,PH,2022-07-06 14:57:53,5.4033,125.4636,84.15,74,74,14.14
410,Muhos,FI,2022-07-06 14:57:53,64.808,25.9931,65.98,55,87,6.62
411,Shubarshi,KZ,2022-07-06 14:57:54,48.5872,57.1869,67.1,40,61,15.79
412,Aktau,KZ,2022-07-06 14:57:54,43.65,51.2,79.38,47,0,15.1
413,Mirnyy,RU,2022-07-06 14:57:54,62.5353,113.9611,62.24,77,99,4.41
414,Sinnamary,GF,2022-07-06 14:57:54,5.3833,-52.95,75.96,89,98,2.19
415,Ilulissat,GL,2022-07-06 14:58:55,69.2167,-51.1,39.2,84,100,3.51
416,Cap Malheureux,MU,2022-07-06 14:54:25,-19.9842,57.6142,68.47,67,43,1.99
417,Itarema,BR,2022-07-06 14:55:37,-2.9248,-39.9167,84.81,60,40,16.69
418,San Patricio,US,2022-07-06 14:58:55,28.017,-97.5169,89.49,59,100,11.25
419,Ohara,JP,2022-07-06 14:58:55,35.25,140.3833,72.12,90,99,18.39
420,Lugo,ES,2022-07-06 14:58:55,43.0,-7.5,73.76,66,0,11.01
421,Labytnangi,RU,2022-07-06 14:58:56,66.6572,66.4183,63.52,76,91,7.67
422,Phatthalung,TH,2022-07-06 14:58:56,7.5,100.0833,78.01,85,100,5.93
423,Yeppoon,AU,2022-07-06 14:58:56,-23.1333,150.7333,47.98,76,0,5.55
424,Kalanchak,UA,2022-07-06 14:57:19,46.2562,33.2907,91.17,26,6,14.09
425,Kuala Pilah,MY,2022-07-06 14:58:56,2.7389,102.2487,75.16,91,100,1.66
426,Dudinka,RU,2022-07-06 14:58:57,69.4058,86.1778,56.62,84,100,8.52
427,Damara,CF,2022-07-06 14:58:57,4.9608,18.7035,79.75,72,80,3.94
428,Yulara,AU,2022-07-06 14:56:35,-25.2406,130.9889,46.38,26,0,7.72
429,Tarauaca,BR,2022-07-06 14:58:57,-8.1614,-70.7656,87.64,55,8,2.62
430,Inta,RU,2022-07-06 14:58:57,66.0317,60.1659,74.03,46,0,4.9
431,Bontang,ID,2022-07-06 14:58:58,0.1333,117.5,78.13,87,91,8.88
432,Sala,MA,2022-07-06 14:58:58,34.0389,-6.8166,75.88,64,0,13.8
433,Nicoya,CR,2022-07-06 14:58:58,10.1483,-85.452,81.52,78,85,2.98
434,Atar,MR,2022-07-06 14:58:58,20.5169,-13.0499,111.81,8,8,17.9
435,Katsuura,JP,2022-07-06 14:58:59,35.1333,140.3,72.64,89,99,19.44
436,Khasan,RU,2022-07-06 14:58:59,42.4308,130.6434,63.5,99,100,4.81
437,Karwar,IN,2022-07-06 14:58:59,14.8,74.1333,79.11,85,100,14.34
438,Dolinsk,RU,2022-07-06 14:58:59,47.35,142.8,57.51,97,48,6.11
439,Poopo,BO,2022-07-06 14:59:00,-18.3667,-66.9667,49.87,25,99,4.76
440,Dubbo,AU,2022-07-06 14:59:00,-32.25,148.6167,48.33,93,8,8.05
441,Zarand,IR,2022-07-06 14:59:00,30.8127,56.564,87.37,18,2,12.55
442,Sabzevar,IR,2022-07-06 14:59:00,36.2126,57.6819,90.68,17,0,20.71
443,Nago,JP,2022-07-06 14:59:01,26.5881,127.9761,80.46,91,94,7.96
444,Lagunas,PE,2022-07-06 14:59:01,-5.2269,-75.6753,75.49,85,95,0.18
445,Mitsamiouli,KM,2022-07-06 14:59:01,-11.3847,43.2844,80.89,57,20,11.5
446,Hofn,IS,2022-07-06 14:59:01,64.2539,-15.2082,53.62,82,20,10.36
447,Tautira,PF,2022-07-06 14:59:02,-17.7333,-149.15,78.13,76,25,13.11
448,Menongue,AO,2022-07-06 14:59:02,-14.6585,17.691,79.07,21,2,7.92
449,Pandan,PH,2022-07-06 14:59:02,14.0453,124.1694,79.65,87,89,5.28
450,Vestmannaeyjar,IS,2022-07-06 14:59:03,63.4427,-20.2734,54.59,87,40,9.22
451,Goderich,CA,2022-07-06 14:59:03,43.7501,-81.7165,68.92,82,100,4.61
452,Vanimo,PG,2022-07-06 14:59:03,-2.6741,141.3028,77.56,87,100,1.97
453,Kampot,KH,2022-07-06 14:59:04,10.6167,104.1833,84.25,85,99,8.3
454,Lumeje,AO,2022-07-06 14:59:04,-11.55,20.7833,81.37,21,25,6.26
455,Talas,TR,2022-07-06 14:59:04,38.6908,35.5538,83.07,23,0,5.75
456,Nelson Bay,AU,2022-07-06 14:59:05,-32.7167,152.15,63.0,99,100,11.01
457,Chichi,NG,2022-07-06 15:00:11,7.2721,8.9332,84.97,63,89,3.2
458,Sorland,NO,2022-07-06 15:00:37,67.667,12.6934,53.46,74,86,15.57
459,Olhao,PT,2022-07-06 15:00:37,37.0286,-7.8411,77.29,83,20,9.22
460,Manicore,BR,2022-07-06 15:00:38,-5.8092,-61.3003,84.56,64,83,2.68
461,Isla Mujeres,MX,2022-07-06 15:00:38,21.2311,-86.731,86.16,65,15,5.82
462,Henties Bay,NA,2022-07-06 15:00:39,-22.116,14.2845,61.02,70,0,13.94
463,Hervey Bay,AU,2022-07-06 15:00:39,-25.2986,152.8535,54.01,75,1,4.0
464,Amahai,ID,2022-07-06 15:00:39,-3.3333,128.9167,76.73,89,100,8.21
465,Aleysk,RU,2022-07-06 15:00:39,52.4926,82.7822,60.35,92,100,12.86
466,Bac Lieu,VN,2022-07-06 15:00:40,9.285,105.7244,81.03,84,97,10.96
467,Calamar,CO,2022-07-06 15:00:40,10.2511,-74.9146,85.51,72,38,8.99
468,Fort Nelson,CA,2022-07-06 15:00:40,58.8053,-122.7002,64.18,58,17,4.76
469,Palmas,BR,2022-07-06 14:56:25,-10.2128,-48.3603,85.87,37,0,6.91
470,Mount Isa,AU,2022-07-06 15:00:41,-20.7333,139.5,42.57,87,4,3.44
471,Vila Velha,BR,2022-07-06 15:00:41,-20.3297,-40.2925,79.95,56,1,3.0
472,Angoche,MZ,2022-07-06 15:00:41,-16.2325,39.9086,74.75,64,67,9.35
473,Portoferraio,IT,2022-07-06 15:00:42,42.8115,10.3146,80.38,72,36,9.53
474,Praia,CV,2022-07-06 15:00:42,14.9215,-23.5087,78.98,78,68,9.55
475,Kutum,SD,2022-07-06 15:00:42,14.2,24.6667,91.17,16,0,3.02
476,Kruisfontein,ZA,2022-07-06 15:00:43,-34.0033,24.7314,65.88,64,0,5.53
477,Sao Joao Do Piaui,BR,2022-07-06 15:00:43,-8.3581,-42.2467,81.82,48,76,11.45
478,Evensk,RU,2022-07-06 15:00:44,61.95,159.2333,48.29,97,100,5.17
479,Superior,US,2022-07-06 15:00:44,46.7208,-92.1041,67.44,91,100,18.41
480,Itacarambi,BR,2022-07-06 15:00:45,-15.1022,-44.0919,83.59,36,0,7.07
481,Weiser,US,2022-07-06 15:00:45,44.251,-116.9693,73.31,60,95,1.99
482,Kyela,TZ,2022-07-06 15:00:45,-9.5833,33.85,74.21,50,1,2.59
483,Merauke,ID,2022-07-06 15:00:46,-8.4667,140.3333,76.89,88,99,10.22
484,Inverell,AU,2022-07-06 15:00:46,-29.7833,151.1167,53.67,100,100,1.01
485,Kupino,RU,2022-07-06 15:00:46,54.3663,77.2981,62.85,88,98,8.95
486,Svencionys,LT,2022-07-06 15:00:47,55.15,26.1667,54.18,98,100,7.2
487,Inongo,CD,2022-07-06 15:00:47,-1.95,18.2667,75.78,62,53,4.7
488,Nizhniy Baskunchak,RU,2022-07-06 15:00:47,48.2198,46.8311,80.11,27,0,8.46
489,Aloleng,PH,2022-07-06 15:00:48,16.1307,119.7824,81.46,74,83,3.51
490,Acapulco,MX,2022-07-06 14:58:15,16.8634,-99.8901,81.3,75,100,2.86
491,Trujillo,PE,2022-07-06 14:58:03,-8.116,-79.03,60.76,88,100,10.36
492,Spearfish,US,2022-07-06 15:00:48,44.4908,-103.8594,73.89,75,40,1.01
493,Namli,IN,2022-07-06 15:00:49,23.4333,75.05,82.69,73,100,3.49
494,Sibiti,CG,2022-07-06 15:00:49,-3.6819,13.3499,88.88,30,46,4.23
495,Marrakesh,MA,2022-07-06 14:58:52,31.6315,-8.0083,100.47,28,20,4.61
496,Saint George,US,2022-07-06 15:00:24,37.1041,-113.5841,84.43,24,0,10.36
497,Madimba,TZ,2022-07-06 15:00:49,-10.4,40.3333,75.94,70,21,13.24
498,Owando,CG,2022-07-06 15:00:50,-0.4819,15.8999,91.15,34,56,3.65
499,Ihosy,MG,2022-07-06 15:00:50,-22.4,46.1167,63.09,64,0,5.1
500,Byron Bay,AU,2022-07-06 15:01:50,-28.65,153.6167,55.94,82,15,7.76
501,Qui Nhon,VN,2022-07-06 15:01:51,13.7667,109.2333,81.07,89,100,10.2
502,Jizan,SA,2022-07-06 15:00:32,17.3333,42.6667,96.78,28,100,15.93
503,Kaduy,RU,2022-07-06 15:01:51,59.2,37.15,75.27,44,85,4.23
504,San Quintin,MX,2022-07-06 14:59:28,30.4833,-115.95,67.73,78,79,10.54
505,Miri,MY,2022-07-06 15:01:51,4.4148,114.0089,77.67,90,100,5.66
506,Jacareacanga,BR,2022-07-06 15:01:51,-6.2222,-57.7528,90.1,42,47,3.69
507,Oranzherei,RU,2022-07-06 15:01:52,45.8476,47.5663,78.44,37,0,7.81
508,Vostok,RU,2022-07-06 15:01:52,46.4856,135.8833,65.01,94,13,4.32
509,La Ronge,CA,2022-07-06 15:01:53,55.1001,-105.2842,58.15,71,21,2.84
510,Touros,BR,2022-07-06 15:01:53,-5.1989,-35.4608,83.59,64,19,17.83
511,Caravelas,BR,2022-07-06 15:01:53,-17.7125,-39.2481,76.46,68,48,7.25
512,Beloha,MG,2022-07-06 15:01:54,-25.1667,45.05,71.37,59,0,8.99
513,Weihe,CN,2022-07-06 15:01:54,32.9952,105.3247,70.2,77,0,0.51
514,Urengoy,RU,2022-07-06 15:01:54,65.9667,78.3667,63.81,69,100,7.18
515,Bandarbeyla,SO,2022-07-06 15:01:54,9.4942,50.8122,78.91,71,9,34.74
516,Vakhrushev,RU,2022-07-06 15:01:55,48.9833,142.9667,54.54,98,87,4.9
517,Bushehr,IR,2022-07-06 15:01:55,28.9684,50.8385,93.72,52,18,5.39
518,Riyadh,SA,2022-07-06 14:57:22,24.6877,46.7219,105.94,9,89,14.79
519,Bosaso,SO,2022-07-06 15:01:55,11.2842,49.1816,94.19,42,14,3.22
520,Naron,ES,2022-07-06 15:01:56,43.5167,-8.1528,77.85,62,0,18.28
521,Gewane,ET,2022-07-06 15:01:56,10.1664,40.6453,99.52,20,9,9.06
522,Wanaka,NZ,2022-07-06 14:58:46,-44.7,169.15,31.1,87,71,1.99
523,Ashti,IN,2022-07-06 15:01:56,19.3833,76.2333,80.94,72,100,13.42
524,Aksehir,TR,2022-07-06 15:01:56,38.3575,31.4164,81.61,24,0,4.61
525,Itoman,JP,2022-07-06 15:01:57,26.1247,127.6694,82.42,89,20,8.05
526,Togur,RU,2022-07-06 15:01:57,58.3631,82.8265,64.33,70,47,7.14
527,Kavaratti,IN,2022-07-06 15:01:57,10.5669,72.642,81.77,83,99,17.16
528,Kita,ML,2022-07-06 15:01:57,13.0349,-9.4895,95.94,37,59,4.14
529,Campbell River,CA,2022-07-06 15:00:17,50.0163,-125.2446,59.59,86,100,3.67
530,Ahipara,NZ,2022-07-06 14:58:55,-35.1667,173.1667,56.19,92,100,6.98
531,Sulangan,PH,2022-07-06 15:01:58,11.1373,123.7228,81.55,80,94,12.93
532,Ganassi,PH,2022-07-06 15:01:58,7.8269,124.1034,69.15,95,100,1.61
533,Mareeba,AU,2022-07-06 15:01:58,-17.0,145.4333,57.43,95,27,1.95
534,Santa Cruz De Tenerife,ES,2022-07-06 15:01:59,28.4682,-16.2546,81.91,74,40,18.41
535,Carutapera,BR,2022-07-06 15:01:59,-1.195,-46.02,80.65,84,5,4.97
536,Yenagoa,NG,2022-07-06 15:01:59,4.9247,6.2642,82.29,77,83,5.79
537,Saint-Joseph,RE,2022-07-06 15:01:59,-21.3667,55.6167,68.38,73,30,13.06
538,Labuan,MY,2022-07-06 15:02:00,5.2767,115.2417,82.85,75,81,11.86
539,Volovo,UA,2022-07-06 15:02:00,48.5246,23.5056,59.79,98,100,5.3
540,Bobcaygeon,CA,2022-07-06 15:02:00,44.5462,-78.542,67.14,59,88,6.82
541,Hammerfest,NO,2022-07-06 15:02:00,70.6634,23.6821,54.05,71,75,8.05
542,Chino,US,2022-07-06 14:59:24,34.0122,-117.6889,72.59,84,0,5.75
543,Taltal,CL,2022-07-06 15:02:01,-25.4,-70.4833,62.28,62,99,2.66
544,The Valley,AI,2022-07-06 15:02:01,18.217,-63.0578,83.82,80,10,19.06
545,Geraldton,AU,2022-07-06 15:02:01,-28.7667,114.6,52.21,93,5,3.44
546,Bowen,AU,2022-07-06 15:02:02,-20.0167,148.2333,57.76,72,0,6.55
547,Whitecourt,CA,2022-07-06 15:03:02,54.1502,-115.6855,52.84,100,100,4.61
548,Ca Mau,VN,2022-07-06 15:03:03,9.1769,105.15,79.09,91,100,4.97
549,Burgeo,CA,2022-07-06 15:03:03,47.6167,-57.6152,57.49,96,100,10.09
550,Cabedelo,BR,2022-07-06 15:03:04,-6.9811,-34.8339,83.07,70,3,14.25
551,Tommot,RU,2022-07-06 15:03:04,58.9564,126.2925,65.59,98,99,1.34
552,Kosino,RU,2022-07-06 15:03:05,58.4127,51.2782,73.81,66,41,9.57
553,Suez,EG,2022-07-06 15:03:05,29.9737,32.5263,97.32,16,0,10.76
554,Alyangula,AU,2022-07-06 14:58:54,-13.8483,136.4192,65.41,67,28,10.38
555,Lambarene,GA,2022-07-06 15:03:06,-0.7001,10.2406,85.06,53,51,4.12
556,Bridgton,US,2022-07-06 15:01:11,44.0548,-70.7128,75.78,73,66,12.86
557,Guaruja,BR,2022-07-06 15:03:06,-23.9931,-46.2564,76.75,49,100,3.51
558,Omboue,GA,2022-07-06 15:03:06,-1.5746,9.2618,75.94,71,77,11.18
559,Vredendal,ZA,2022-07-06 15:03:07,-31.6683,18.5012,64.98,30,0,10.0
560,Homer,US,2022-07-06 15:01:45,59.6425,-151.5483,55.8,89,16,3.0
561,Nagato,JP,2022-07-06 15:03:07,34.3833,131.2,77.29,90,100,1.81
562,Salina,US,2022-07-06 15:03:08,38.8403,-97.6114,82.53,65,20,14.97
563,Conde,BR,2022-07-06 15:03:08,-7.2597,-34.9075,81.86,69,75,16.11
